ts,price,funding,oi_usd,book_imbalance
2026-10-01T04:26:37+00:00,83754.8,7.12141008849e-05,2378149042.949087,-0.4561
2026-10-01T04:44:49+00:00,83899.9,7.00765347624e-05,2375900573.552097,-0.2643
2026-10-01T04:50:16+00:00,84076.7,6.94754801334e-05,2377410182.225407,-0.0531
2026-10-01T04:59:01+00:00,84037.7,6.76243589832e-05,2355590257.943989,0.8352
2026-10-01T05:03:53+00:00,84094.0,6.68470990557e-05,2359867478.307159,0.8903
2026-10-01T05:16:54+00:00,84213.8,6.33926995654e-05,2363912878.8039684,-0.9688
2026-10-01T05:27:58+00:00,84223.9,5.96563335513e-05,2366788144.5492673,0.609
2026-10-01T05:34:02+00:00,84233.9,5.81254277227e-05,2365142810.5606475,0.8738
2026-10-01T05:49:28+00:00,84204.3,5.33265816278e-05,2360941467.0879083,0.1666
2026-10-01T06:02:36+00:00,84219.1,4.8547962693e-05,2364725091.0732875,0.1554
2026-10-01T06:30:05+00:00,84305.0,3.77035501329e-05,2370201416.3370986,0.8303
2026-10-01T06:50:52+00:00,84085.1,3.3204900359e-05,2356733363.1314282,-0.6132
2026-10-01T07:04:28+00:00,84049.9,3.25832254929e-05,2358323181.2964582,-0.2303
2026-10-01T07:26:09+00:00,83303.7,2.78169845284e-05,2336810142.572508,-0.1029
2026-10-01T07:42:33+00:00,83470.0,2.42399973573e-05,2341741451.8602095,0.3211
2026-10-01T07:56:57+00:00,83522.6,2.17519296553e-05,2345182543.619109,0.0356
2026-10-01T08:14:02+00:00,83337.8,2.05673125562e-05,2355319163.34079,-0.2297
2026-10-01T08:21:56+00:00,83364.3,2.18265227009e-05,2359830595.6428394,-0.9426
2026-10-01T08:36:13+00:00,83293.7,2.6070145465e-05,2347585496.64161,0.4445
2026-10-01T08:42:24+00:00,83468.5,2.78041082748e-05,2354638419.0961003,0.6968
2026-10-01T08:52:31+00:00,83513.2,3.12883413295e-05,2362631531.67881,0.452
2026-10-01T09:04:22+00:00,83551.5,3.14027555054e-05,2362994229.8248096,-0.4767
2026-10-01T09:24:56+00:00,83703.0,3.19327400773e-05,2367756217.649609,-0.172
2026-10-01T09:42:08+00:00,83806.7,3.18580811916e-05,2366610891.3260894,-0.5288
2026-10-01T09:57:37+00:00,83716.8,3.03488537021e-05,2350228141.7121286,-0.2013
2026-10-01T10:15:05+00:00,83661.1,3.04449110544e-05,2362856566.3717084,-0.3591
2026-10-01T10:33:47+00:00,83750.0,3.37481904575e-05,2363479311.8750086,-0.0119
2026-10-01T10:50:06+00:00,83918.4,3.76080636487e-05,2360455036.2372093,-0.8451
2026-10-01T11:01:43+00:00,83805.6,3.99557778758e-05,2360094974.63659,-0.2701
2026-10-01T11:20:35+00:00,83811.0,4.7293659083e-05,2365083620.41771,0.1633
2026-10-01T11:36:07+00:00,83843.5,5.44095324556e-05,2368997681.98567,0.9858
